{"cameraMode":{"drawMode":0,"name":"Shaded","section":"Shading Mode"},"sceneLighting":false,"audioPlay":false,"sceneViewState":{"m_AlwaysRefresh":false,"showFog":true,"showSkybox":false,"showFlares":true,"showImageEffects":true,"showParticleSystems":true,"showVisualEffectGraphs":true,"m_FxEnabled":true},"in2DMode":false,"pivot":{"x":0.12999999523162843,"y":-5.106406211853027,"z":10.029999732971192},"rotation":{"x":-0.17209744453430177,"y":0.7706355452537537,"z":-0.2335396707057953,"w":-0.5675476789474487},"size":0.22446373105049134,"orthographic":false}