{"cameraMode":{"drawMode":0,"name":"Shaded","section":"Shading Mode"},"sceneLighting":true,"audioPlay":false,"sceneViewState":{"m_AlwaysRefresh":false,"showFog":true,"showSkybox":true,"showFlares":true,"showImageEffects":true,"showParticleSystems":true,"showVisualEffectGraphs":true,"m_FxEnabled":true},"in2DMode":false,"pivot":{"x":-2.4074254035949709,"y":-5.540560245513916,"z":13.186946868896485},"rotation":{"x":-0.11529102921485901,"y":0.8637862205505371,"z":-0.22960132360458375,"w":-0.43366265296936037},"size":1.5832922458648682,"orthographic":false}