{"cameraMode":{"drawMode":0,"name":"Shaded","section":"Shading Mode"},"sceneLighting":true,"audioPlay":false,"sceneViewState":{"m_AlwaysRefresh":false,"showFog":true,"showSkybox":true,"showFlares":true,"showImageEffects":true,"showParticleSystems":true,"showVisualEffectGraphs":true,"m_FxEnabled":true},"in2DMode":false,"pivot":{"x":0.39399999380111697,"y":-5.106406211853027,"z":10.366000175476075},"rotation":{"x":-0.17209744453430177,"y":0.7706355452537537,"z":-0.2335396707057953,"w":-0.5675476789474487},"size":0.08660276979207993,"orthographic":false}