{"cameraMode":{"drawMode":0,"name":"Shaded","section":"Shading Mode"},"sceneLighting":false,"audioPlay":false,"sceneViewState":{"m_AlwaysRefresh":false,"showFog":true,"showSkybox":false,"showFlares":true,"showImageEffects":true,"showParticleSystems":true,"showVisualEffectGraphs":true,"m_FxEnabled":true},"in2DMode":false,"pivot":{"x":2.137202739715576,"y":-4.6733245849609379,"z":7.065657138824463},"rotation":{"x":-0.17190538346767426,"y":0.026601694524288179,"z":-0.004603622481226921,"w":-0.9848402142524719},"size":0.8148965239524841,"orthographic":false}